sub_id,dim0,param_value
-1,"(-∞,2)",0.1995702
-1,"[2,6)",0.1353028
-1,"[6,10)",0.1099149
-1,"[10,15)",0.0261186
-1,"[15,∞)",0.0456905
