sub_id,dim0,param_value
0,0,0.1995702
0,1,0.1353028
0,2,0.1099149
0,3,0.0261186
0,4,0.0456905
