dim0,        param_value
"(-∞,15)",   0
"[15,17.5)", 0.030898
"[17.5,20)", 0.134066
"[20,22.5)", 0.167197
"[22.5,25)", 0.165551
"[25,27.5)", 0.14739
"[27.5,30)", 0.10847
"[30,32.5)", 0.080378
"[32.5,35)", 0.033944
"[35,37.5)", 0.045454
"[37.5,40)", 0.040038
"[40,∞)",    0
