dim0,      param_value
"(-∞,2)",  0.1995702
"[2,6)",   0.1353028
"[6,10)",  0.1099149
"[10,15)", 0.0261186
"[15,∞)",  0.0456905
