sub_id,dim0,dim1,param_value
0,0,0,0.0096017
0,0,1,0.0199994
0,0,2,0.0199994
0,0,3,0.0213172
0,0,4,0.0150836
0,0,5,0.0110791
0,1,0,0.0370541
0,1,1,0.0370541
0,1,2,0.012775
0,1,3,0.012775
0,1,4,0.0661157
0,1,5,0.0661157
