sub_id,dim0,param_value
0,0,1
0,1,1.01
0,2,1.020201
0,3,1.0306070502
0,4,1.0412223028
0,5,1.0520510148
0,6,1.0630975504
0,7,1.0743663845
0,8,1.0858621048
0,9,1.0975894155
0,10,1.1095531401
0,11,1.1217582247
0,12,1.134209741
0,13,1.1469128901
0,14,1.1598730057
0,15,1.173095558
0,16,1.1865861569
0,17,1.2003505563
0,18,1.2143946578
0,19,1.2287245148
0,20,1.2433463365
0,21,1.2582664926
0,22,1.2734915171
0,23,1.2890281136
0,24,1.3048831594
0,25,1.3210637106
