sub_id,dim0,param_value
0,0,0
0,1,0.030898
0,2,0.134066
0,3,0.167197
0,4,0.165551
0,5,0.14739
0,6,0.10847
0,7,0.080378
0,8,0.033944
0,9,0.045454
0,10,0.040038
0,11,0
